"URL","template or route source","status code","indexable","canonical URL","robots directive","title tag","meta description","H1","page type","primary intent","city/branch relevance","schema types","internal links in","internal links out","duplicate-content risk","technical issue summary","content issue summary","action needed","priority"
"https://svijetsluha.com","home","200","yes","https://svijetsluha.com","","Svijet Sluha — slušni aparati i besplatna provjera sluha","Svijet Sluha — besplatna provjera sluha i slušni aparati vodećih svjetskih brendova, uz više od 30 godina povjerenja. Posjetite nas u Sarajevu, Banjoj Luci, Gradišci, Bijeljini, Doboju ili Brčkom.","Besplatna provjera sluha — više od 30 godina povjerenja","Homepage","Brand/trust/support","Low","Answer; FAQPage; Organization; Question; WebSite","98","29","Low","No crawl-level issue","Location-count wording drift in production baseline","Monitor or improve content depth","low"
"https://svijetsluha.com/akcije","/akcije","200","yes","https://svijetsluha.com/akcije","","Akcije i popusti — Svijet Sluha","Aktuelne akcije na slušne aparate, baterije i pribor u našim poslovnicama širom BiH.","Aktuelne akcije","General","Brand/trust/support","Low","BreadcrumbList; ListItem; Organization; WebSite","98","23","Low","No crawl-level issue","Location-count wording drift in production baseline","Monitor or improve content depth","low"
"https://svijetsluha.com/akcije/blackfriday","/akcije/blackfriday","404","no","","noindex","Svijet Sluha — slušni aparati i besplatna provjera sluha","Svijet Sluha — besplatna provjera sluha i slušni aparati vodećih svjetskih brendova, uz više od 30 godina povjerenja. Posjetite nas u Sarajevu, Banjoj Luci, Gradišci, Bijeljini, Doboju ili Brčkom.","","General","Brand/trust/support","Low","","0","0","Low","HTTP 404; H1 count 0","No major content issue","Remove from sitemap or restore","critical"
"https://svijetsluha.com/cesta-pitanja","/cesta-pitanja","200","yes","https://svijetsluha.com/cesta-pitanja","","Česta pitanja — provjera sluha, cijene, aparati, servis — Svijet Sluha","Odgovori na pitanja o prvoj posjeti, cijenama i refundaciji, vrstama slušnih aparata, održavanju, servisu i garanciji.","Česta pitanja","FAQ","Informational/AEO","Low","Answer; BreadcrumbList; FAQPage; ListItem; Organization; Question; WebSite","98","23","Low","No crawl-level issue","Location-count wording drift in production baseline","Monitor or improve content depth","low"
"https://svijetsluha.com/cijene-i-finansiranje","/cijene-i-finansiranje","200","yes","https://svijetsluha.com/cijene-i-finansiranje","","Cijene i finansiranje slušnih aparata — Svijet Sluha","Klase slušnih aparata, refundacija kroz zdravstveno osiguranje korak po korak, garancija i servis.","Cijene i finansiranje","General","Brand/trust/support","Low","BreadcrumbList; ListItem; Organization; WebSite","98","23","Low","No crawl-level issue","Location-count wording drift in production baseline","Monitor or improve content depth","low"
"https://svijetsluha.com/kontakt","/kontakt","200","yes","https://svijetsluha.com/kontakt","","Kontakt — pišite nam ili pozovite najbližu poslovnicu — Svijet Sluha","Pitanje za doktora, poruka za poslovnicu ili kupovina — odgovaramo isti radni dan. Telefoni svih 6 poslovnica na jednom mjestu.","Kontaktirajte nas","Contact","Contact conversion","High","BreadcrumbList; ListItem; Organization; WebSite","98","23","Low","No crawl-level issue","Location-count wording drift in production baseline","Monitor or improve content depth","low"
"https://svijetsluha.com/o-nama","/o-nama","200","yes","https://svijetsluha.com/o-nama","","O nama — više od 30 godina brige o sluhu — Svijet Sluha","Svijet Sluha — u saradnji s Audio BM. Od prvog dana do šest poslovnica u BiH: misija, vrijednosti i brendovi sa kojima sarađujemo.","Više od 30 godina slušamo — Vas","General","Brand/trust/support","Low","BreadcrumbList; ListItem; Organization; WebSite","98","23","Low","No crawl-level issue","Location-count wording drift in production baseline","Monitor or improve content depth","low"
"https://svijetsluha.com/online-test-sluha","/online-test-sluha","200","yes","https://svijetsluha.com/online-test-sluha","","Online test sluha — besplatni screening za 5 minuta — Svijet Sluha","Provjerite sluh od kuće za 3–5 minuta: tonovi po frekvencijama za lijevo i desno uho + kratki upitnik. Informativni screening — ne zamjenjuje profesionalnu provjeru sluha.","Online test sluha","Online test","Brand/trust/support","High","BreadcrumbList; ListItem; Organization; WebSite","98","23","Low","No crawl-level issue","Location-count wording drift in production baseline","Monitor or improve content depth","low"
"https://svijetsluha.com/politika-privatnosti","/politika-privatnosti","200","yes","https://svijetsluha.com/politika-privatnosti","","Politika privatnosti — Svijet Sluha","Kako Svijet Sluha prikuplja, koristi i štiti Vaše lične podatke.","Politika privatnosti","General","Brand/trust/support","Low","BreadcrumbList; ListItem; Organization; WebSite","98","23","Low","No crawl-level issue","Location-count wording drift in production baseline","Monitor or improve content depth","low"
"https://svijetsluha.com/poslovnice","poslovnice","200","yes","https://svijetsluha.com/poslovnice","","Poslovnice — Sarajevo, Banja Luka, Gradiška, Bijeljina, Doboj, Brčko — Svijet Sluha","Audio BM poslovnice u šest gradova BiH. Pronađite najbližu, pozovite ili zakažite besplatnu provjeru sluha.","Naše poslovnice","Branch index","Local branch/service","High","BreadcrumbList; ListItem; Organization; WebSite","98","23","Low","No crawl-level issue","Location-count wording drift in production baseline","Monitor or improve content depth","low"
"https://svijetsluha.com/poslovnice/banja-luka","poslovnice/[slug]","200","yes","https://svijetsluha.com/poslovnice/banja-luka","","Audio BM Banja Luka — slušni aparati i provjera sluha — Svijet Sluha","Audio BM poslovnica u Banjoj Luci — besplatna provjera sluha, slušni aparati, baterije i servis.","Audio BM Banja Luka","Branch detail","Local branch/service","High","BreadcrumbList; ListItem; LocalBusiness; MedicalClinic; Organization; WebSite","98","24","Low","No crawl-level issue","Location-count wording drift in production baseline","Monitor or improve content depth","low"
"https://svijetsluha.com/poslovnice/bijeljina","poslovnice/[slug]","200","yes","https://svijetsluha.com/poslovnice/bijeljina","","Audio BM Bijeljina — slušni aparati i provjera sluha — Svijet Sluha","Audio BM poslovnica u Bijeljini — besplatna provjera sluha, slušni aparati, baterije i servis.","Audio BM Bijeljina","Branch detail","Local branch/service","High","BreadcrumbList; ListItem; LocalBusiness; MedicalClinic; Organization; WebSite","98","24","Low","No crawl-level issue","Location-count wording drift in production baseline","Monitor or improve content depth","low"
"https://svijetsluha.com/poslovnice/brcko","poslovnice/[slug]","200","yes","https://svijetsluha.com/poslovnice/brcko","","Audio BM Brčko — slušni aparati i provjera sluha — Svijet Sluha","Audio BM poslovnica u Brčkom — besplatna provjera sluha, slušni aparati, baterije i servis.","Audio BM Brčko","Branch detail","Local branch/service","High","BreadcrumbList; ListItem; LocalBusiness; MedicalClinic; Organization; WebSite","98","24","Low","No crawl-level issue","Location-count wording drift in production baseline","Monitor or improve content depth","low"
"https://svijetsluha.com/poslovnice/doboj","poslovnice/[slug]","200","yes","https://svijetsluha.com/poslovnice/doboj","","Audio BM Doboj — slušni aparati i provjera sluha — Svijet Sluha","Audio BM poslovnica u Doboju — besplatna provjera sluha, slušni aparati, baterije i servis.","Audio BM Doboj","Branch detail","Local branch/service","High","BreadcrumbList; ListItem; LocalBusiness; MedicalClinic; Organization; WebSite","98","24","Low","No crawl-level issue","Location-count wording drift in production baseline","Monitor or improve content depth","low"
"https://svijetsluha.com/poslovnice/gradiska","poslovnice/[slug]","200","yes","https://svijetsluha.com/poslovnice/gradiska","","Audio BM Gradiška — slušni aparati i provjera sluha — Svijet Sluha","Audio BM poslovnica u Gradišci — besplatna provjera sluha, slušni aparati, baterije i servis.","Audio BM Gradiška","Branch detail","Local branch/service","High","BreadcrumbList; ListItem; LocalBusiness; MedicalClinic; Organization; WebSite","98","24","Low","No crawl-level issue","Location-count wording drift in production baseline","Monitor or improve content depth","low"
"https://svijetsluha.com/poslovnice/sarajevo","poslovnice/[slug]","200","yes","https://svijetsluha.com/poslovnice/sarajevo","","Audio BM Sarajevo — slušni aparati i provjera sluha — Svijet Sluha","Audio BM poslovnica u Sarajevu — besplatna provjera sluha, slušni aparati, baterije i servis.","Audio BM Sarajevo","Branch detail","Local branch/service","High","BreadcrumbList; ListItem; LocalBusiness; MedicalClinic; Organization; WebSite","98","24","Low","No crawl-level issue","Sarajevo NAP incomplete; Location-count wording drift in production baseline","Confirm and add Sarajevo NAP","critical"
"https://svijetsluha.com/poslovnice/tuzla","poslovnice/[slug]","200","yes","https://svijetsluha.com/poslovnice/tuzla","","Audio BM Tuzla — slušni aparati i provjera sluha — Svijet Sluha","Audio BM poslovnica — Tuzla. Besplatna provjera sluha, slušni aparati, baterije i servis.","Audio BM Tuzla","Branch detail","Local branch/service","High","BreadcrumbList; ListItem; LocalBusiness; MedicalClinic; Organization; WebSite","98","24","Low","No crawl-level issue","Tuzla full hours unconfirmed; Location-count wording drift in production baseline","Confirm Tuzla hours/maps","high"
"https://svijetsluha.com/proizvodi","proizvodi","200","yes","https://svijetsluha.com/proizvodi","","Proizvodi — baterije, čepovi, pribor i medicinski aparati — Svijet Sluha","Varta baterije, čepovi za uši po mjeri, pribor za održavanje i kućni medicinski aparati. Naručite upitom ili telefonom — preuzimanje u 6 poslovnica.","Proizvodi","Product index","Product research","Medium","BreadcrumbList; ListItem; Organization; WebSite","98","50","Low","No crawl-level issue","Location-count wording drift in production baseline","Monitor or improve content depth","low"
"https://svijetsluha.com/proizvodi/accuscreen-oae-abr-skrining","proizvodi/[slug]","200","yes","https://svijetsluha.com/proizvodi/accuscreen-oae-abr-skrining","","OAE/ABR skrining AccuScreen — Svijet Sluha","Nove funkcije AccuScreen-a uključuju ekran osetljiv na dodir za intuitivnu navigaciju, bazu za prenos podataka, ažuriranje uređaja i punjenje, kao i savije","OAE/ABR skrining AccuScreen","Product detail","Product research","Medium","BreadcrumbList; ListItem; Organization; Product; WebSite","1","24","Low","No crawl-level issue","Location-count wording drift in production baseline","Monitor or improve content depth","low"
"https://svijetsluha.com/proizvodi/allegro-timpanometar","proizvodi/[slug]","200","yes","https://svijetsluha.com/proizvodi/allegro-timpanometar","","Timpanometar Allegro — Svijet Sluha","Automatska merenja stanja srednjeg uha završavaju se u sekundi pomoću podešavajućih postavki timpanometra.","Timpanometar Allegro","Product detail","Product research","Medium","BreadcrumbList; ListItem; Organization; Product; WebSite","1","24","Low","No crawl-level issue","Location-count wording drift in production baseline","Monitor or improve content depth","low"
"https://svijetsluha.com/proizvodi/antidekubit-dusek-bubble-2","proizvodi/[slug]","200","yes","https://svijetsluha.com/proizvodi/antidekubit-dusek-bubble-2","","Antidekubit dušek Bubble 2 — Svijet Sluha","Karakteristike: Antidekubit dušek tip SAĆE Nosač prilagodljiv za većinu tipova kreveta Izdržljivi medicinski PVC materijal Maksimalna nosivost 135 kg Podeš","Antidekubit dušek Bubble 2","Product detail","Product research","Medium","BreadcrumbList; ListItem; Organization; Product; WebSite","2","24","Low","No crawl-level issue","Location-count wording drift in production baseline","Monitor or improve content depth","low"
"https://svijetsluha.com/proizvodi/audiostar-pro-audiometar","proizvodi/[slug]","200","yes","https://svijetsluha.com/proizvodi/audiostar-pro-audiometar","","Audiometar Audiostar PRO — Svijet Sluha","Od izuzetno velikog ekrana koji smanjuje naprezanje očiju, do ergonomskog kućišta koje povećava udobnost ruku i zgloba, do svetlijih oznaka oko izabranih t","Audiometar Audiostar PRO","Product detail","Product research","Medium","BreadcrumbList; ListItem; Organization; Product; WebSite","1","24","Low","No crawl-level issue","Location-count wording drift in production baseline","Monitor or improve content depth","low"
"https://svijetsluha.com/proizvodi/baha-6-max-procesor-zvuka","proizvodi/[slug]","200","yes","https://svijetsluha.com/proizvodi/baha-6-max-procesor-zvuka","","Baha 6 Max procesor zvuka — Svijet Sluha","Mali nikada nije zvučao ovako moćno Baha® 6 Max je vrhunski procesor zvuka za koštanu provodljivosti koji ne pravi kompromis sa važnim karakteristikama. D","Baha 6 Max procesor zvuka","Product detail","Product research","Medium","BreadcrumbList; ListItem; Organization; Product; WebSite","1","24","Low","No crawl-level issue","Location-count wording drift in production baseline","Monitor or improve content depth","low"
"https://svijetsluha.com/proizvodi/baha-attract-sistem","proizvodi/[slug]","200","yes","https://svijetsluha.com/proizvodi/baha-attract-sistem","","Baha Attract sistem — Svijet Sluha","Jednostavno postavite svoj procesor zvuka (sa magnetom za procesor zvuka) na implant i odma možete nastaviti sa danom dok doživljavate zvuk oko sebe. Baha","Baha Attract sistem","Product detail","Product research","Medium","BreadcrumbList; ListItem; Organization; Product; WebSite","1","24","Low","No crawl-level issue","Location-count wording drift in production baseline","Monitor or improve content depth","low"
"https://svijetsluha.com/proizvodi/baha-connect-sistem","proizvodi/[slug]","200","yes","https://svijetsluha.com/proizvodi/baha-connect-sistem","","Baha Connect sistem — Svijet Sluha","Koristi mali oslonac iza uha koji povezuje procesor zvuka direktno sa implantom kako bi se maksimizirao zvuk koji dopire do vašeg unutrašnjeg uha. Jednosta","Baha Connect sistem","Product detail","Product research","Medium","BreadcrumbList; ListItem; Organization; Product; WebSite","1","24","Low","No crawl-level issue","Location-count wording drift in production baseline","Monitor or improve content depth","low"
"https://svijetsluha.com/proizvodi/cepovi-za-impulsnu-buku","proizvodi/[slug]","200","yes","https://svijetsluha.com/proizvodi/cepovi-za-impulsnu-buku","","Čepovi za impulsnu buku — Svijet Sluha","Mala veličina Impulsnih filtera olakšava postavljanje u male i zahtevne ušne kanale, a takođe se lako postavlja ispod komunikacionih slušalica ili štitnika","Čepovi za impulsnu buku","Product detail","Product research","Medium","BreadcrumbList; ListItem; Organization; Product; WebSite","1","24","Low","No crawl-level issue","Location-count wording drift in production baseline","Monitor or improve content depth","low"
"https://svijetsluha.com/proizvodi/cepovi-za-industrijsku-buku","proizvodi/[slug]","200","yes","https://svijetsluha.com/proizvodi/cepovi-za-industrijsku-buku","","Čepovi za industrijsku buku — Svijet Sluha","Industrijska buka ima tendenciju da bude glasnija na višim frekvencijama: Audio BM-ov asortiman DI filtera je dizajniran da obezbedi relativno ravno priguš","Čepovi za industrijsku buku","Product detail","Product research","Medium","BreadcrumbList; ListItem; Organization; Product; WebSite","2","24","Low","No crawl-level issue","Location-count wording drift in production baseline","Monitor or improve content depth","low"
"https://svijetsluha.com/proizvodi/cepovi-za-muzicare","proizvodi/[slug]","200","yes","https://svijetsluha.com/proizvodi/cepovi-za-muzicare","","Čepovi za muzičare — Svijet Sluha","DM filter koristi membrane prema patentiranoj membranskoj tehnologiji. Membrana je napravljena od prozračnog materijala, što dovodi do optimalnog disanja f","Čepovi za muzičare","Product detail","Product research","Medium","BreadcrumbList; ListItem; Organization; Product; WebSite","2","24","Low","No crawl-level issue","Location-count wording drift in production baseline","Monitor or improve content depth","low"
"https://svijetsluha.com/proizvodi/cepovi-za-plivanje","proizvodi/[slug]","200","yes","https://svijetsluha.com/proizvodi/cepovi-za-plivanje","","Čepovi za plivanje — Svijet Sluha","Čepići za uši, napravljeni su od visokokvalitetnog slikona koji je udoban i izdržljiv, ne blede i mogu se koristiti iznova i iznova. Čepovi sprečavaju prop","Čepovi za plivanje","Product detail","Product research","Medium","BreadcrumbList; ListItem; Organization; Product; WebSite","2","24","Low","No crawl-level issue","Location-count wording drift in production baseline","Monitor or improve content depth","low"
"https://svijetsluha.com/proizvodi/cepovi-za-spavanje","proizvodi/[slug]","200","yes","https://svijetsluha.com/proizvodi/cepovi-za-spavanje","","Čepovi za spavanje — Svijet Sluha","Čepići za uši, napravljeni su od visokokvalitetnog slikona koji je udoban i izdržljiv, ne blede i mogu se koristiti iznova i iznova. Svi zvukovi su efikasn","Čepovi za spavanje","Product detail","Product research","Medium","BreadcrumbList; ListItem; Organization; Product; WebSite","2","24","Low","No crawl-level issue","Location-count wording drift in production baseline","Monitor or improve content depth","low"
"https://svijetsluha.com/proizvodi/cerushield-filteri-za-unitron-discover-8-komada","proizvodi/[slug]","200","yes","https://svijetsluha.com/proizvodi/cerushield-filteri-za-unitron-discover-8-komada","","Cerushield filteri, za Unitron Discover (8 komada) — Svijet Sluha","Vaš ušni kanal proizvodi ušnu mast koja može da začepi zvučnik slušnog aparata. Ušna mast je jedan od glavnih uzroka problema kod slušnih aparata. Svi CRT","Cerushield filteri, za Unitron Discover (8 komada)","Product detail","Product research","Medium","BreadcrumbList; ListItem; Organization; Product; WebSite","2","24","Low","No crawl-level issue","Location-count wording drift in production baseline","Monitor or improve content depth","low"
"https://svijetsluha.com/proizvodi/chartr-ep200-evocirani-potencijal","proizvodi/[slug]","200","yes","https://svijetsluha.com/proizvodi/chartr-ep200-evocirani-potencijal","","Audera PRO — Svijet Sluha","Korisnički orijentisan Audera PRO nudi brzo, fleksibilno i korisnički orijentisano rešenje omogućujući lekarima da otpočnu i efikasno izvode bilo koji test","Audera PRO","Product detail","Product research","Medium","BreadcrumbList; ListItem; Organization; Product; WebSite","1","24","Low","No crawl-level issue","Location-count wording drift in production baseline","Monitor or improve content depth","low"
"https://svijetsluha.com/proizvodi/ci512-contour-advance","proizvodi/[slug]","200","yes","https://svijetsluha.com/proizvodi/ci512-contour-advance","","CI512 Contour Advance — Svijet Sluha","CI512 Contour Advance","CI512 Contour Advance","Product detail","Product research","Medium","BreadcrumbList; ListItem; Organization; Product; WebSite","1","24","Low","No crawl-level issue","Location-count wording drift in production baseline","Monitor or improve content depth","low"
"https://svijetsluha.com/proizvodi/ci522-slim-straight","proizvodi/[slug]","200","yes","https://svijetsluha.com/proizvodi/ci522-slim-straight","","CI522 Slim Straight — Svijet Sluha","CI522 Slim Straight","CI522 Slim Straight","Product detail","Product research","Medium","BreadcrumbList; ListItem; Organization; Product; WebSite","1","24","Low","No crawl-level issue","Location-count wording drift in production baseline","Monitor or improve content depth","low"
"https://svijetsluha.com/proizvodi/ci532-slim-modiolar","proizvodi/[slug]","200","yes","https://svijetsluha.com/proizvodi/ci532-slim-modiolar","","CI532 Slim Modiolar — Svijet Sluha","CI532 Slim Modiolar","CI532 Slim Modiolar","Product detail","Product research","Medium","BreadcrumbList; ListItem; Organization; Product; WebSite","1","24","Low","No crawl-level issue","Location-count wording drift in production baseline","Monitor or improve content depth","low"
"https://svijetsluha.com/proizvodi/ci612-contour-advance","proizvodi/[slug]","200","yes","https://svijetsluha.com/proizvodi/ci612-contour-advance","","CI612 Contour Advance — Svijet Sluha","CI612 Contour Advance","CI612 Contour Advance","Product detail","Product research","Medium","BreadcrumbList; ListItem; Organization; Product; WebSite","1","24","Low","No crawl-level issue","Location-count wording drift in production baseline","Monitor or improve content depth","low"
"https://svijetsluha.com/proizvodi/ci622-slim-straight","proizvodi/[slug]","200","yes","https://svijetsluha.com/proizvodi/ci622-slim-straight","","CI622 Slim Straight — Svijet Sluha","CI622 Slim Straight","CI622 Slim Straight","Product detail","Product research","Medium","BreadcrumbList; ListItem; Organization; Product; WebSite","1","24","Low","No crawl-level issue","Location-count wording drift in production baseline","Monitor or improve content depth","low"
"https://svijetsluha.com/proizvodi/ci632-slim-modiolar","proizvodi/[slug]","200","yes","https://svijetsluha.com/proizvodi/ci632-slim-modiolar","","CI632 Slim Modiolar — Svijet Sluha","CI632 Slim Modiolar","CI632 Slim Modiolar","Product detail","Product research","Medium","BreadcrumbList; ListItem; Organization; Product; WebSite","1","24","Low","No crawl-level issue","Location-count wording drift in production baseline","Monitor or improve content depth","low"
"https://svijetsluha.com/proizvodi/corti-oae-abr-skrining","proizvodi/[slug]","200","yes","https://svijetsluha.com/proizvodi/corti-oae-abr-skrining","","OAE/ABR skrining Corti — Svijet Sluha","OAE/ABR skrining Corti","OAE/ABR skrining Corti","Product detail","Product research","Medium","BreadcrumbList; ListItem; Organization; Product; WebSite","1","24","Low","No crawl-level issue","Location-count wording drift in production baseline","Monitor or improve content depth","low"
"https://svijetsluha.com/proizvodi/gsi-18-audiometar","proizvodi/[slug]","200","yes","https://svijetsluha.com/proizvodi/gsi-18-audiometar","","Audiometar GSI 18 — Svijet Sluha","Ergonomski dizajn i logička navigacija ovog audiometra čine izvršavanje testova audiologije jednostavnim.","Audiometar GSI 18","Product detail","Product research","Medium","BreadcrumbList; ListItem; Organization; Product; WebSite","1","24","Low","No crawl-level issue","Location-count wording drift in production baseline","Monitor or improve content depth","low"
"https://svijetsluha.com/proizvodi/gsi-39-audiometar","proizvodi/[slug]","200","yes","https://svijetsluha.com/proizvodi/gsi-39-audiometar","","Audiometar GSI 39 — Svijet Sluha","Moguće je dodati dodatne modalitete kao što su audiometrija, kontralateralni refleksi ili ton sonde od 1000 Hz kako se zahtevi za ispitivanje sluha povećav","Audiometar GSI 39","Product detail","Product research","Medium","BreadcrumbList; ListItem; Organization; Product; WebSite","2","24","Low","No crawl-level issue","Location-count wording drift in production baseline","Monitor or improve content depth","low"
"https://svijetsluha.com/proizvodi/kategorija/baterije","proizvodi/kategorija/[kat]","200","yes","https://svijetsluha.com/proizvodi/kategorija/baterije","","Baterije za slušne aparate — ponuda Svijet Sluha — Svijet Sluha","Varta power one baterije u svim veličinama (10, 13, 312, 675).","Baterije za slušne aparate","Product category","Product research","Medium","BreadcrumbList; ListItem; Organization; WebSite","5","27","Low","Missing from sitemap","Location-count wording drift in production baseline","Monitor or improve content depth","high"
"https://svijetsluha.com/proizvodi/kategorija/cepovi-za-usi","proizvodi/kategorija/[kat]","200","yes","https://svijetsluha.com/proizvodi/kategorija/cepovi-za-usi","","Čepovi za uši — ponuda Svijet Sluha — Svijet Sluha","Individualni čepovi po mjeri — za spavanje, plivanje, muzičare i zaštitu od buke.","Čepovi za uši","Product category","Product research","Medium","BreadcrumbList; ListItem; Organization; WebSite","6","28","Low","Missing from sitemap","Location-count wording drift in production baseline","Monitor or improve content depth","high"
"https://svijetsluha.com/proizvodi/kategorija/kucni-medicinski-aparati","proizvodi/kategorija/[kat]","200","yes","https://svijetsluha.com/proizvodi/kategorija/kucni-medicinski-aparati","","Kućni medicinski aparati — ponuda Svijet Sluha — Svijet Sluha","Antidekubitalni dušeci i pomagala za kućnu njegu.","Kućni medicinski aparati","Product category","Product research","Medium","BreadcrumbList; ListItem; Organization; WebSite","2","24","Low","Missing from sitemap","Location-count wording drift in production baseline","Monitor or improve content depth","high"
"https://svijetsluha.com/proizvodi/kategorija/pribor-i-odrzavanje","proizvodi/kategorija/[kat]","200","yes","https://svijetsluha.com/proizvodi/kategorija/pribor-i-odrzavanje","","Pribor i održavanje — ponuda Svijet Sluha — Svijet Sluha","Filteri, pumpice i pribor za svakodnevno održavanje slušnih aparata.","Pribor i održavanje","Product category","Product research","Medium","BreadcrumbList; ListItem; Organization; WebSite","5","27","Low","Missing from sitemap","Location-count wording drift in production baseline","Monitor or improve content depth","high"
"https://svijetsluha.com/proizvodi/kategorija/profesionalna-oprema","proizvodi/kategorija/[kat]","200","yes","https://svijetsluha.com/proizvodi/kategorija/profesionalna-oprema","","Profesionalna oprema — ponuda Svijet Sluha — Svijet Sluha","Dijagnostička oprema za ordinacije i klinike — audiometri, kabine, timpanometri.","Profesionalna oprema","Product category","Product research","Medium","BreadcrumbList; ListItem; Organization; WebSite","11","33","Low","Missing from sitemap","Location-count wording drift in production baseline","Monitor or improve content depth","high"
"https://svijetsluha.com/proizvodi/kategorija/slusni-implanti","proizvodi/kategorija/[kat]","200","yes","https://svijetsluha.com/proizvodi/kategorija/slusni-implanti","","Slušni implanti — ponuda Svijet Sluha — Svijet Sluha","Cochlear™ sistemi — informacije i upiti uz stručno savjetovanje.","Slušni implanti","Product category","Product research","Medium","BreadcrumbList; ListItem; Organization; WebSite","14","36","Low","Missing from sitemap","Location-count wording drift in production baseline","Monitor or improve content depth","high"
"https://svijetsluha.com/proizvodi/novus-oae-abr-skrining","proizvodi/[slug]","200","yes","https://svijetsluha.com/proizvodi/novus-oae-abr-skrining","","OAE/ABR skrining Novus — Svijet Sluha","OAE/ABR skrining Novus","OAE/ABR skrining Novus","Product detail","Product research","Medium","BreadcrumbList; ListItem; Organization; Product; WebSite","2","24","Low","No crawl-level issue","Location-count wording drift in production baseline","Monitor or improve content depth","low"
"https://svijetsluha.com/proizvodi/nowax-filteri-za-cic-aparate-6-komada","proizvodi/[slug]","200","yes","https://svijetsluha.com/proizvodi/nowax-filteri-za-cic-aparate-6-komada","","NoWax filteri, za CIC aparate (6 komada) — Svijet Sluha","Vaš ušni kanal proizvodi ušnu mast koja može da začepi zvučnik slušnog aparata. Ušna mast je jedan od glavnih uzroka problema kod slušnih aparata. Svi CIC","NoWax filteri, za CIC aparate (6 komada)","Product detail","Product research","Medium","BreadcrumbList; ListItem; Organization; Product; WebSite","2","24","Duplicate description","No crawl-level issue","Location-count wording drift in production baseline","Monitor or improve content depth","low"
"https://svijetsluha.com/proizvodi/nucleus-kanso2-cp1150","proizvodi/[slug]","200","yes","https://svijetsluha.com/proizvodi/nucleus-kanso2-cp1150","","Nucleus Kanso2 (CP1150) — Svijet Sluha","Slušne performanse SmartSound® iQ sa SCAN ForwardFocus tehnologija sa dva mikrofona Povezivanje direktno strimovanje sa kompatibilnih Apple i Android uređa","Nucleus Kanso2 (CP1150)","Product detail","Product research","Medium","BreadcrumbList; ListItem; Organization; Product; WebSite","2","24","Low","No crawl-level issue","Location-count wording drift in production baseline","Monitor or improve content depth","low"
"https://svijetsluha.com/proizvodi/nucleus-n7-cp1000","proizvodi/[slug]","200","yes","https://svijetsluha.com/proizvodi/nucleus-n7-cp1000","","Nucleus N7 (CP1000) — Svijet Sluha","Olakšava slušanje SmartSound iQ sa SCAN sistem za upravljanje zvukom osmišljen je tako da odredi vaše slušno okruženje, donoseći stotine odluka dnevno da v","Nucleus N7 (CP1000)","Product detail","Product research","Medium","BreadcrumbList; ListItem; Organization; Product; WebSite","2","24","Low","No crawl-level issue","Location-count wording drift in production baseline","Monitor or improve content depth","low"
"https://svijetsluha.com/proizvodi/nucleus-n7s-cp1002","proizvodi/[slug]","200","yes","https://svijetsluha.com/proizvodi/nucleus-n7s-cp1002","","Nucleus N7S (CP1002) — Svijet Sluha","Osnovna tehnologija obrade zvuka - koja se automatski prilagođavaju svom okruženju Zoom tehnologija sa dva mikrofona - pomaže u filtriranju pozadinske buke","Nucleus N7S (CP1002)","Product detail","Product research","Medium","BreadcrumbList; ListItem; Organization; Product; WebSite","2","24","Low","No crawl-level issue","Location-count wording drift in production baseline","Monitor or improve content depth","low"
"https://svijetsluha.com/proizvodi/nucleus-n8-cp1110","proizvodi/[slug]","200","yes","https://svijetsluha.com/proizvodi/nucleus-n8-cp1110","","Nucleus N8 (CP1110) — Svijet Sluha","Udobnost najmanji i najlakši zaušni procesor zvuka za kohlearni implant novi udoban oblik Slušne performanse SmartSound® iQ 2 - pametnija tehnologija za po","Nucleus N8 (CP1110)","Product detail","Product research","Medium","BreadcrumbList; ListItem; Organization; Product; WebSite","2","24","Low","No crawl-level issue","Location-count wording drift in production baseline","Monitor or improve content depth","low"
"https://svijetsluha.com/proizvodi/pello-audiometar","proizvodi/[slug]","200","yes","https://svijetsluha.com/proizvodi/pello-audiometar","","Audiometar Pello — Svijet Sluha","Četiri opcije konfiguracija omogućavaju svakom objektu da prilagođava i usklađuje funkcije na osnovu klinike i potreba pacijenta.","Audiometar Pello","Product detail","Product research","Medium","BreadcrumbList; ListItem; Organization; Product; WebSite","2","24","Low","No crawl-level issue","Location-count wording drift in production baseline","Monitor or improve content depth","low"
"https://svijetsluha.com/proizvodi/prowax-minifit-filteri-za-bernafon-rite-aprate-6-komada","proizvodi/[slug]","200","yes","https://svijetsluha.com/proizvodi/prowax-minifit-filteri-za-bernafon-rite-aprate-6-komada","","ProWax minifit filteri, za Bernafon RITE aprate (6 komada) — Svijet Sluha","Vaš ušni kanal proizvodi ušnu mast koja može da začepi zvučnik slušnog aparata. Ušna mast je jedan od glavnih uzroka problema kod slušnih aparata. Svi CIC","ProWax minifit filteri, za Bernafon RITE aprate (6 komada)","Product detail","Product research","Medium","BreadcrumbList; ListItem; Organization; Product; WebSite","2","24","Duplicate description","No crawl-level issue","Location-count wording drift in production baseline","Monitor or improve content depth","low"
"https://svijetsluha.com/proizvodi/pumpica-za-ciscenje-individualnih-oliva","proizvodi/[slug]","200","yes","https://svijetsluha.com/proizvodi/pumpica-za-ciscenje-individualnih-oliva","","Pumpica za čišćenje individualnih oliva — Svijet Sluha","Ostaci ušne masti-cerumena i preostale tečnosti se lako i temeljno uklanjaju iz cevčice kojom je slušni aparat povezan sa individualnim umetkom ili iz zavo","Pumpica za čišćenje individualnih oliva","Product detail","Product research","Medium","BreadcrumbList; ListItem; Organization; Product; WebSite","2","24","Low","No crawl-level issue","Location-count wording drift in production baseline","Monitor or improve content depth","low"
"https://svijetsluha.com/proizvodi/tympstar-pro-timpanometar","proizvodi/[slug]","200","yes","https://svijetsluha.com/proizvodi/tympstar-pro-timpanometar","","Timpanometar Tympstar Pro — Svijet Sluha","Protokoli se mogu konfigurirati na timpanometru kako bi se optimizirala efikasnost i radni tok; fleksibilnost unapred definisanih protokola štedi vreme i s","Timpanometar Tympstar Pro","Product detail","Product research","Medium","BreadcrumbList; ListItem; Organization; Product; WebSite","2","24","Low","No crawl-level issue","Location-count wording drift in production baseline","Monitor or improve content depth","low"
"https://svijetsluha.com/proizvodi/varta-power-one-velicina-10-6kom","proizvodi/[slug]","200","yes","https://svijetsluha.com/proizvodi/varta-power-one-velicina-10-6kom","","Varta Power One veličina 10 (6kom) — Svijet Sluha","Sve Power One baterije sa cink-vazduhom su bez žive, što omogućava kompaniji Varta da opravda svoju tvrdnju da je ekološki najprihvatljiviji proizvođač bat","Varta Power One veličina 10 (6kom)","Product detail","Product research","Medium","BreadcrumbList; ListItem; Organization; Product; WebSite","2","24","Duplicate description","No crawl-level issue","Location-count wording drift in production baseline","Monitor or improve content depth","low"
"https://svijetsluha.com/proizvodi/varta-power-one-velicina-13-6kom","proizvodi/[slug]","200","yes","https://svijetsluha.com/proizvodi/varta-power-one-velicina-13-6kom","","Varta Power One veličina 13 (6kom) — Svijet Sluha","Sve Power One baterije sa cink-vazduhom su bez žive, što omogućava kompaniji Varta da opravda svoju tvrdnju da je ekološki najprihvatljiviji proizvođač bat","Varta Power One veličina 13 (6kom)","Product detail","Product research","Medium","BreadcrumbList; ListItem; Organization; Product; WebSite","2","24","Duplicate description","No crawl-level issue","Location-count wording drift in production baseline","Monitor or improve content depth","low"
"https://svijetsluha.com/proizvodi/varta-power-one-velicina-312-6kom","proizvodi/[slug]","200","yes","https://svijetsluha.com/proizvodi/varta-power-one-velicina-312-6kom","","Varta Power One veličina 312 (6kom) — Svijet Sluha","Sve Power One baterije sa cink-vazduhom su bez žive, čime kompanija Varta opravdava svoju tvrdnju da je ekološki najprihvatljiviji proizvođač baterija za s","Varta Power One veličina 312 (6kom)","Product detail","Product research","Medium","BreadcrumbList; ListItem; Organization; Product; WebSite","2","24","Duplicate description","No crawl-level issue","Location-count wording drift in production baseline","Monitor or improve content depth","low"
"https://svijetsluha.com/proizvodi/varta-power-one-velicina-675-6kom","proizvodi/[slug]","200","yes","https://svijetsluha.com/proizvodi/varta-power-one-velicina-675-6kom","","Varta Power One veličina 675 (6kom) — Svijet Sluha","Sve Power One baterije sa cink-vazduhom su bez žive, čime kompanija Varta opravdava svoju tvrdnju da je ekološki najprihvatljiviji proizvođač baterija za s","Varta Power One veličina 675 (6kom)","Product detail","Product research","Medium","BreadcrumbList; ListItem; Organization; Product; WebSite","2","24","Duplicate description","No crawl-level issue","Location-count wording drift in production baseline","Monitor or improve content depth","low"
"https://svijetsluha.com/savjeti","savjeti","200","yes","https://svijetsluha.com/savjeti","","Savjeti i novosti o sluhu — Svijet Sluha","Praktični savjeti o sluhu i slušnim aparatima, novosti iz naših poslovnica i vijesti iz Sarajeva.","Savjeti i novosti","Advice hub","Informational/AEO","Medium","BreadcrumbList; ListItem; Organization; WebSite","98","30","Duplicate title","No crawl-level issue","Location-count wording drift in production baseline","Monitor or improve content depth","low"
"https://svijetsluha.com/savjeti?kategorija=novosti","savjeti","200","yes","https://svijetsluha.com/savjeti","","Savjeti i novosti o sluhu — Svijet Sluha","Praktični savjeti o sluhu i slušnim aparatima, novosti iz naših poslovnica i vijesti iz Sarajeva.","Savjeti i novosti","Advice article","Informational/AEO","Medium","BreadcrumbList; ListItem; Organization; WebSite","4","26","Query duplicate","Indexable query state","Location-count wording drift in production baseline","Noindex query-state URL","high"
"https://svijetsluha.com/savjeti?kategorija=sarajevo","savjeti","200","yes","https://svijetsluha.com/savjeti","","Savjeti i novosti o sluhu — Svijet Sluha","Praktični savjeti o sluhu i slušnim aparatima, novosti iz naših poslovnica i vijesti iz Sarajeva.","Savjeti i novosti","Advice article","Informational/AEO","Medium","BreadcrumbList; ListItem; Organization; WebSite","4","27","Query duplicate","Indexable query state","Location-count wording drift in production baseline","Noindex query-state URL","high"
"https://svijetsluha.com/savjeti?kategorija=savjeti","savjeti","200","yes","https://svijetsluha.com/savjeti","","Savjeti i novosti o sluhu — Svijet Sluha","Praktični savjeti o sluhu i slušnim aparatima, novosti iz naših poslovnica i vijesti iz Sarajeva.","Savjeti i novosti","Advice article","Informational/AEO","Medium","BreadcrumbList; ListItem; Organization; WebSite","4","29","Query duplicate","Indexable query state","Location-count wording drift in production baseline","Noindex query-state URL","high"
"https://svijetsluha.com/savjeti/otvaranje-poslovnice-sarajevo","savjeti/[slug]","200","yes","https://svijetsluha.com/savjeti/otvaranje-poslovnice-sarajevo","","Audio BM stigao u Sarajevo — dobro došli! — Svijet Sluha","Nakon više od 30 godina rada, s ponosom otvaramo vrata naše prve poslovnice u Sarajevu. Zakažite besplatnu provjeru sluha već danas.","Audio BM stigao u Sarajevo — dobro došli!","Branch detail","Local branch/service","High","Article; BreadcrumbList; ListItem; Organization; WebSite","2","23","Low","No crawl-level issue","CMS placeholders found in production baseline; Location-count wording drift in production baseline","Monitor or improve content depth","low"
"https://svijetsluha.com/savjeti/pet-savjeta-odrzavanje-slusnog-aparata","savjeti/[slug]","200","yes","https://svijetsluha.com/savjeti/pet-savjeta-odrzavanje-slusnog-aparata","","Pet savjeta za duži vijek Vašeg slušnog aparata — Svijet Sluha","Slušni aparat je mali, precizan uređaj koji radi po cijeli dan. Uz ovih pet navika služiće Vas godinama.","Pet savjeta za duži vijek Vašeg slušnog aparata","Advice article","Informational/AEO","Medium","Article; BreadcrumbList; ListItem; Organization; WebSite","4","25","Low","No crawl-level issue","Location-count wording drift in production baseline","Monitor or improve content depth","low"
"https://svijetsluha.com/savjeti/prvi-znakovi-slabljenja-sluha","savjeti/[slug]","200","yes","https://svijetsluha.com/savjeti/prvi-znakovi-slabljenja-sluha","","Kako prepoznati prve znakove slabljenja sluha — Svijet Sluha","Slabljenje sluha dolazi postepeno, pa ga je lako previdjeti. Ovo su znakovi na koje treba obratiti pažnju — kod sebe i kod najbližih.","Kako prepoznati prve znakove slabljenja sluha","Advice article","Informational/AEO","Medium","Article; BreadcrumbList; ListItem; Organization; WebSite","4","25","Low","No crawl-level issue","Location-count wording drift in production baseline","Monitor or improve content depth","low"
"https://svijetsluha.com/savjeti/tuzla1","savjeti/[slug]","200","yes","https://svijetsluha.com/savjeti/tuzla1","","AudioBM Tuzla otvaranje — Svijet Sluha","jjjjjjjjjjjjjjj","AudioBM Tuzla otvaranje","Advice article","Informational/AEO","Medium","Article; BreadcrumbList; ListItem; Organization; WebSite","4","25","Low","No crawl-level issue","Location-count wording drift in production baseline","Monitor or improve content depth","low"
"https://svijetsluha.com/slusni-aparati","slusni-aparati","200","yes","https://svijetsluha.com/slusni-aparati","","Slušni aparati — vrste, brendovi i kako odabrati — Svijet Sluha","Kanalni, zaušni i snažni slušni aparati Bernafon i Unitron. Saznajte koji je pravi za Vas — uz besplatno savjetovanje u 6 gradova BiH.","Slušni aparati","Hearing-aid page","Commercial hearing-aid research","High","BreadcrumbList; ListItem; Organization; WebSite","98","38","Low","No crawl-level issue","Location-count wording drift in production baseline","Monitor or improve content depth","low"
"https://svijetsluha.com/slusni-aparati/kanalni","slusni-aparati/[tip]","200","yes","https://svijetsluha.com/slusni-aparati/kanalni","","Kanalni slušni aparati — modeli i savjetovanje — Svijet Sluha","Gotovo nevidljivi — sva elektronika u ušnom umetku, po mjeri. Pogledajte modele i zakažite besplatno savjetovanje u našim poslovnicama.","Kanalni slušni aparati","Hearing-aid page","Commercial hearing-aid research","High","BreadcrumbList; ListItem; Organization; WebSite","2","23","Low","No crawl-level issue","Location-count wording drift in production baseline","Monitor or improve content depth","low"
"https://svijetsluha.com/slusni-aparati/modeli/alpha-3-slusni-aparati","slusni-aparati/modeli/[slug]","200","yes","https://svijetsluha.com/slusni-aparati/modeli/alpha-3-slusni-aparati","","Alpha 3 slušni aparat — Svijet Sluha","Ovo je slušni aparat koji ima opciju punjivih baterija kao i svi slušni aparati iz porodice Alpha. Baterija se puni samo 3 sata i traje čitav dan. Za osobe","Alpha 3 slušni aparat","Hearing-aid page","Commercial hearing-aid research","High","BreadcrumbList; ListItem; Organization; Product; WebSite","3","25","Low","No crawl-level issue","Location-count wording drift in production baseline","Monitor or improve content depth","low"
"https://svijetsluha.com/slusni-aparati/modeli/alpha-5-slusni-aparati","slusni-aparati/modeli/[slug]","200","yes","https://svijetsluha.com/slusni-aparati/modeli/alpha-5-slusni-aparati","","Alpha 5 slušni aparat — Svijet Sluha","Sa slušnim aparatima Alpha 5 dobijate: Odličan fokus na govor u velikom broju okruženja Prijatnost u buci srednjeg intenziteta Opciju punjivog slušnog apar","Alpha 5 slušni aparat","Hearing-aid page","Commercial hearing-aid research","High","BreadcrumbList; ListItem; Organization; Product; WebSite","3","25","Low","No crawl-level issue","Location-count wording drift in production baseline","Monitor or improve content depth","low"
"https://svijetsluha.com/slusni-aparati/modeli/alpha-9-slusni-aparati","slusni-aparati/modeli/[slug]","200","yes","https://svijetsluha.com/slusni-aparati/modeli/alpha-9-slusni-aparati","","Alpha 9 slušni aparat — Svijet Sluha","Alpha 9 su slušni aparati koji automatski oblikuju okruženja da budu najbolja za vaš sluh. Šta to znači? Ovi slušni aparati procjenjuju kakva je buka u okr","Alpha 9 slušni aparat","Hearing-aid page","Commercial hearing-aid research","High","BreadcrumbList; ListItem; Organization; Product; WebSite","3","25","Low","No crawl-level issue","Location-count wording drift in production baseline","Monitor or improve content depth","low"
"https://svijetsluha.com/slusni-aparati/modeli/alpha1-slusni-aparati","slusni-aparati/modeli/[slug]","200","yes","https://svijetsluha.com/slusni-aparati/modeli/alpha1-slusni-aparati","","Alpha 1 slušni aparat — Svijet Sluha","Baterija se puni samo 3 sata i traje cijeli dan. Za osobe koje tradicionalno vjeruju standardnim baterijama, postoje modeli koji koriste i standardne zamje","Alpha 1 slušni aparat","Hearing-aid page","Commercial hearing-aid research","High","BreadcrumbList; ListItem; Organization; Product; WebSite","3","25","Low","No crawl-level issue","Location-count wording drift in production baseline","Monitor or improve content depth","low"
"https://svijetsluha.com/slusni-aparati/modeli/entra-1-slusni-aparat","slusni-aparati/modeli/[slug]","200","yes","https://svijetsluha.com/slusni-aparati/modeli/entra-1-slusni-aparat","","Entra 1 slušni aparat — Svijet Sluha","Razumijevanje govora – Bernafonova jedinstvena ChannelFree™ obrada signala je ključ čistog i prirodnog zvuka. Sistem analizira dolazeći signal u cijelosti","Entra 1 slušni aparat","Hearing-aid page","Commercial hearing-aid research","High","BreadcrumbList; ListItem; Organization; Product; WebSite","3","25","Low","No crawl-level issue","Location-count wording drift in production baseline","Monitor or improve content depth","low"
"https://svijetsluha.com/slusni-aparati/modeli/inizia-1-slusni-aparat","slusni-aparati/modeli/[slug]","200","yes","https://svijetsluha.com/slusni-aparati/modeli/inizia-1-slusni-aparat","","Inizia 1 slušni aparat — Svijet Sluha","Inizia 1 nudi tehnologiju koja se najviše preporučuje osobama koje nisu previše aktivne i kojima je primarno funkcionisanje u tihom okruženju, opremljen je","Inizia 1 slušni aparat","Hearing-aid page","Commercial hearing-aid research","High","BreadcrumbList; ListItem; Organization; Product; WebSite","3","25","Low","No crawl-level issue","Location-count wording drift in production baseline","Monitor or improve content depth","low"
"https://svijetsluha.com/slusni-aparati/modeli/leox-3-slusni-aparati","slusni-aparati/modeli/[slug]","200","yes","https://svijetsluha.com/slusni-aparati/modeli/leox-3-slusni-aparati","","Leox 3 slušni aparat — Svijet Sluha","Ponoseći se jednim od najviših nivoa amplifikacije na tržištu, Leox pomaže djeci i mladima da uživaju u životu punom spontanosti. Sa ovim aparatom, vi ćete","Leox 3 slušni aparat","Hearing-aid page","Commercial hearing-aid research","High","BreadcrumbList; ListItem; Organization; Product; WebSite","3","25","Low","No crawl-level issue","Location-count wording drift in production baseline","Monitor or improve content depth","low"
"https://svijetsluha.com/slusni-aparati/modeli/leox-7-slusni-aparati","slusni-aparati/modeli/[slug]","200","yes","https://svijetsluha.com/slusni-aparati/modeli/leox-7-slusni-aparati","","Leox 7 slušni aparat — Svijet Sluha","Pored mnogih opcija i dodataka, Leox je idealno rješenje za pedijatrijsko podešavanje. Ponoseći se jednim od najviših nivoa amplifikacije na tržištu, Leox","Leox 7 slušni aparat","Hearing-aid page","Commercial hearing-aid research","High","BreadcrumbList; ListItem; Organization; Product; WebSite","3","25","Low","No crawl-level issue","Location-count wording drift in production baseline","Monitor or improve content depth","low"
"https://svijetsluha.com/slusni-aparati/modeli/nevara-1-slusni-aparat","slusni-aparati/modeli/[slug]","200","yes","https://svijetsluha.com/slusni-aparati/modeli/nevara-1-slusni-aparat","","Nevara 1 slušni aparat — Svijet Sluha","Nevara 1 ima mogućnost blagog smanjivanja buke u okruženju sa funkcijom adaptive noise reduction i fokusiranja na razgovor koji dolazi ispred korisnika slu","Nevara 1 slušni aparat","Hearing-aid page","Commercial hearing-aid research","High","BreadcrumbList; ListItem; Organization; Product; WebSite","3","25","Low","No crawl-level issue","Location-count wording drift in production baseline","Monitor or improve content depth","low"
"https://svijetsluha.com/slusni-aparati/modeli/vivante-1-slusni-aparat","slusni-aparati/modeli/[slug]","200","yes","https://svijetsluha.com/slusni-aparati/modeli/vivante-1-slusni-aparat","","Vivante 1 slušni aparat — Svijet Sluha","Vivante 1 je napravlje na najnovijoj platformi kompanije Unitron sa funkcijama koje se nalaze i u nekim kvalitetnijim slušnim aparatima. Izrađuje se sa sta","Vivante 1 slušni aparat","Hearing-aid page","Commercial hearing-aid research","High","BreadcrumbList; ListItem; Organization; Product; WebSite","3","25","Low","No crawl-level issue","Location-count wording drift in production baseline","Monitor or improve content depth","low"
"https://svijetsluha.com/slusni-aparati/modeli/vivante-3-slusni-aparat","slusni-aparati/modeli/[slug]","200","yes","https://svijetsluha.com/slusni-aparati/modeli/vivante-3-slusni-aparat","","Vivante 3 slušni aparat — Svijet Sluha","Vivante 3 je napravlje na najnovijoj platformi kompanije Unitron sa funkcijama koje se nalaze i u nekim kvalitetnijim slušnim aparatima. Izrađuje se sa sta","Vivante 3 slušni aparat","Hearing-aid page","Commercial hearing-aid research","High","BreadcrumbList; ListItem; Organization; Product; WebSite","3","25","Low","No crawl-level issue","Location-count wording drift in production baseline","Monitor or improve content depth","low"
"https://svijetsluha.com/slusni-aparati/modeli/zerena-1-slusni-aparati","slusni-aparati/modeli/[slug]","200","yes","https://svijetsluha.com/slusni-aparati/modeli/zerena-1-slusni-aparati","","Zerena 1 slušni aparat — Svijet Sluha","Razumevanje govora – Bernafonova jedinstvena ChannelFree™ obrada signala je ključ čistog i prirodnog zvuka. Sistem analizira dolazeći signal u celosti i pr","Zerena 1 slušni aparat","Hearing-aid page","Commercial hearing-aid research","High","BreadcrumbList; ListItem; Organization; Product; WebSite","3","25","Low","No crawl-level issue","Location-count wording drift in production baseline","Monitor or improve content depth","low"
"https://svijetsluha.com/slusni-aparati/zausni","slusni-aparati/[tip]","200","yes","https://svijetsluha.com/slusni-aparati/zausni","","Zaušni slušni aparati — modeli i savjetovanje — Svijet Sluha","Tanki i elegantni, skriveni iza uha, uz Bluetooth povezivanje. Pogledajte modele i zakažite besplatno savjetovanje u našim poslovnicama.","Zaušni slušni aparati","Hearing-aid page","Commercial hearing-aid research","High","BreadcrumbList; ListItem; Organization; WebSite","14","35","Low","No crawl-level issue","Location-count wording drift in production baseline","Monitor or improve content depth","low"
"https://svijetsluha.com/slusni-aparati/zausni-snazni","slusni-aparati/[tip]","200","yes","https://svijetsluha.com/slusni-aparati/zausni-snazni","","Zaušni aparati za teža oštećenja — modeli i savjetovanje — Svijet Sluha","Snažniji zvuk i bolje razumijevanje govora kod težih gubitaka sluha. Pogledajte modele i zakažite besplatno savjetovanje u našim poslovnicama.","Zaušni aparati za teža oštećenja","Hearing-aid page","Commercial hearing-aid research","High","BreadcrumbList; ListItem; Organization; WebSite","2","23","Low","No crawl-level issue","Location-count wording drift in production baseline","Monitor or improve content depth","low"
"https://svijetsluha.com/tim","/tim","200","yes","https://svijetsluha.com/tim","","Naš tim — stručnjaci za sluh — Svijet Sluha","Upoznajte akustičare i stručnjake našeg tima u Sarajevu, Banjoj Luci, Gradišci, Bijeljini, Doboju i Brčkom.","Naš tim","General","Brand/trust/support","Low","BreadcrumbList; ListItem; Organization; WebSite","98","23","Low","No crawl-level issue","Location-count wording drift in production baseline","Monitor or improve content depth","low"
"https://svijetsluha.com/uslovi-koristenja","/uslovi-koristenja","200","yes","https://svijetsluha.com/uslovi-koristenja","","Uslovi korištenja — Svijet Sluha","Uslovi korištenja web stranice Svijet Sluha.","Uslovi korištenja","General","Brand/trust/support","Low","BreadcrumbList; ListItem; Organization; WebSite","98","23","Low","No crawl-level issue","Location-count wording drift in production baseline","Monitor or improve content depth","low"
"https://svijetsluha.com/usluge","usluge","200","yes","https://svijetsluha.com/usluge","","Usluge — provjera sluha, servis aparata, implanti — Svijet Sluha","Besplatna provjera sluha, prilagođavanje i servis slušnih aparata, podrška za kohlearne implante — u 6 gradova BiH.","Naše usluge","Service index","Service intent","High","BreadcrumbList; ListItem; Organization; WebSite","98","26","Low","No crawl-level issue","Location-count wording drift in production baseline","Monitor or improve content depth","low"
"https://svijetsluha.com/usluge/kohlearni-implanti","usluge/[slug]","200","yes","https://svijetsluha.com/usluge/kohlearni-implanti","","Kohlearni implanti — Svijet Sluha","Informacije i podrška za Cochlear™ sisteme — za osobe kojima slušni aparati više nisu dovoljni.","Kohlearni implanti","Service detail","Service intent","High","BreadcrumbList; ListItem; Organization; Service; WebSite","2","23","Low","No crawl-level issue","Location-count wording drift in production baseline","Monitor or improve content depth","low"
"https://svijetsluha.com/usluge/prilagodjavanje-i-servis","usluge/[slug]","200","yes","https://svijetsluha.com/usluge/prilagodjavanje-i-servis","","Prilagođavanje i servis slušnih aparata — Svijet Sluha","Fino podešavanje aparata prema Vašem sluhu, redovne kontrole, čišćenje i popravke — da aparat uvijek radi kako treba.","Prilagođavanje i servis slušnih aparata","Service detail","Service intent","High","BreadcrumbList; ListItem; Organization; Service; WebSite","2","23","Low","No crawl-level issue","Location-count wording drift in production baseline","Monitor or improve content depth","low"
"https://svijetsluha.com/usluge/provjera-sluha","usluge/[slug]","200","yes","https://svijetsluha.com/usluge/provjera-sluha","","Besplatna provjera sluha — Svijet Sluha","Kompletna provjera sluha bez naknade i bez obaveze — saznajte stanje svog sluha za pola sata.","Besplatna provjera sluha","Service detail","Service intent","High","BreadcrumbList; ListItem; Organization; Service; WebSite","2","23","Low","No crawl-level issue","Location-count wording drift in production baseline","Monitor or improve content depth","low"
"https://svijetsluha.com/zakazivanje","zakazivanje","200","yes","https://svijetsluha.com/zakazivanje","","Zakažite besplatnu provjeru sluha — Svijet Sluha","Zakazivanje za manje od 2 minute: odaberite poslovnicu, ostavite ime i telefon — kontaktiramo Vas isti radni dan radi potvrde termina.","Zakažite besplatnu provjeru sluha","Appointment","Transactional booking","High","BreadcrumbList; ListItem; Organization; WebSite","98","23","Duplicate title","No crawl-level issue","Location-count wording drift in production baseline","Monitor or improve content depth","low"
"https://svijetsluha.com/zakazivanje?poslovnica=banja-luka","zakazivanje","200","yes","https://svijetsluha.com/zakazivanje","","Zakažite besplatnu provjeru sluha — Svijet Sluha","Zakazivanje za manje od 2 minute: odaberite poslovnicu, ostavite ime i telefon — kontaktiramo Vas isti radni dan radi potvrde termina.","Zakažite besplatnu provjeru sluha","Appointment","Transactional booking","High","BreadcrumbList; ListItem; Organization; WebSite","1","23","Query duplicate","Indexable query state","Location-count wording drift in production baseline","Noindex query-state URL","high"
"https://svijetsluha.com/zakazivanje?poslovnica=bijeljina","zakazivanje","200","yes","https://svijetsluha.com/zakazivanje","","Zakažite besplatnu provjeru sluha — Svijet Sluha","Zakazivanje za manje od 2 minute: odaberite poslovnicu, ostavite ime i telefon — kontaktiramo Vas isti radni dan radi potvrde termina.","Zakažite besplatnu provjeru sluha","Appointment","Transactional booking","High","BreadcrumbList; ListItem; Organization; WebSite","1","23","Query duplicate","Indexable query state","Location-count wording drift in production baseline","Noindex query-state URL","high"
"https://svijetsluha.com/zakazivanje?poslovnica=brcko","zakazivanje","200","yes","https://svijetsluha.com/zakazivanje","","Zakažite besplatnu provjeru sluha — Svijet Sluha","Zakazivanje za manje od 2 minute: odaberite poslovnicu, ostavite ime i telefon — kontaktiramo Vas isti radni dan radi potvrde termina.","Zakažite besplatnu provjeru sluha","Appointment","Transactional booking","High","BreadcrumbList; ListItem; Organization; WebSite","1","23","Query duplicate","Indexable query state","Location-count wording drift in production baseline","Noindex query-state URL","high"
"https://svijetsluha.com/zakazivanje?poslovnica=doboj","zakazivanje","200","yes","https://svijetsluha.com/zakazivanje","","Zakažite besplatnu provjeru sluha — Svijet Sluha","Zakazivanje za manje od 2 minute: odaberite poslovnicu, ostavite ime i telefon — kontaktiramo Vas isti radni dan radi potvrde termina.","Zakažite besplatnu provjeru sluha","Appointment","Transactional booking","High","BreadcrumbList; ListItem; Organization; WebSite","1","23","Query duplicate","Indexable query state","Location-count wording drift in production baseline","Noindex query-state URL","high"
"https://svijetsluha.com/zakazivanje?poslovnica=gradiska","zakazivanje","200","yes","https://svijetsluha.com/zakazivanje","","Zakažite besplatnu provjeru sluha — Svijet Sluha","Zakazivanje za manje od 2 minute: odaberite poslovnicu, ostavite ime i telefon — kontaktiramo Vas isti radni dan radi potvrde termina.","Zakažite besplatnu provjeru sluha","Appointment","Transactional booking","High","BreadcrumbList; ListItem; Organization; WebSite","1","23","Query duplicate","Indexable query state","Location-count wording drift in production baseline","Noindex query-state URL","high"
"https://svijetsluha.com/zakazivanje?poslovnica=sarajevo","zakazivanje","200","yes","https://svijetsluha.com/zakazivanje","","Zakažite besplatnu provjeru sluha — Svijet Sluha","Zakazivanje za manje od 2 minute: odaberite poslovnicu, ostavite ime i telefon — kontaktiramo Vas isti radni dan radi potvrde termina.","Zakažite besplatnu provjeru sluha","Appointment","Transactional booking","High","BreadcrumbList; ListItem; Organization; WebSite","1","23","Query duplicate","Indexable query state","Location-count wording drift in production baseline","Noindex query-state URL","high"
"https://svijetsluha.com/zakazivanje?poslovnica=tuzla","zakazivanje","200","yes","https://svijetsluha.com/zakazivanje","","Zakažite besplatnu provjeru sluha — Svijet Sluha","Zakazivanje za manje od 2 minute: odaberite poslovnicu, ostavite ime i telefon — kontaktiramo Vas isti radni dan radi potvrde termina.","Zakažite besplatnu provjeru sluha","Appointment","Transactional booking","High","BreadcrumbList; ListItem; Organization; WebSite","1","23","Query duplicate","Indexable query state","Location-count wording drift in production baseline","Noindex query-state URL","high"
